{"training_loss": 1.7681350708007812, "_timestamp": 1709775089.582838, "_runtime": 195.59765195846558, "_step": 183, "_wandb": {"runtime": 196}}